{"cameraMode":{"drawMode":0,"name":"Shaded","section":"Shading Mode"},"sceneLighting":true,"audioPlay":false,"sceneViewState":{"showFog":true,"showMaterialUpdate":false,"showSkybox":true,"showFlares":true,"showImageEffects":true,"showParticleSystems":true},"in2DMode":false,"pivot":{"x":-0.06536722183227539,"y":-2.837401866912842,"z":-0.30330777168273928},"rotation":{"x":0.310364305973053,"y":-0.42054012417793276,"z":0.15571655333042146,"w":0.8382411599159241},"size":3.86602520942688,"orthographic":false}